{"accuracy/top1": 68.44547271728516, "accuracy/top5": 93.15544891357422, "data_time": 0.06115593071337099, "time": 0.16135955739904334}